row_type,id,portfolio,date,ticker,quantity,amount,lot_picks,split_to,split_from,cash_type,note,reverses,sector,geography,list,key,value,source_text
format,,,,,,,,,,,,,,,,,1,
setting,,,,,,,,,,,,,,,,auto_lock,5_min,
setting,,,,,,,,,,,,,,,,tab_order,overall;portfolios;cash;more,
portfolio,,Main,,,,,,,,,,,,,,,,
portfolio,,Retirement,,,,,,,,,,,,,,,,
list_value,,,,,,,,,,,,,,,sector,,Technology,
list_value,,,,,,,,,,,,,,,sector,,Diversified,
list_value,,,,,,,,,,,,,,,geography,,United States,
list_value,,,,,,,,,,,,,,,geography,,Global,
source_text,,,,,,,,,,,,,,,sector,,Technology,Information Technology
cash,,,2026-01-01,,,10000.00,,,,opening_balance,,,,,,,,
buy,L1,Main,2026-01-02,AAPL,10,1000.00,,,,,,,,,,,,
buy,L2,Main,2026-02-01,AAPL,10,1500.00,,,,,,,,,,,,
buy,O1,Main,2026-02-10,OLDCO,100,200.00,,,,,,,,,,,,
sell,,Main,2026-03-01,AAPL,12,2100.00,L1:10;L2:2,,,,,,,,,,,
sell,,Main,2026-03-10,OLDCO,100,0.00,O1:100,,,,,,,,,,,
buy,L3,Main,2026-03-20,AAPL,2,360.00,,,,,,,,,,,,
split,,Main,2026-04-01,AAPL,,,,2,1,,,,,,,,,
reversal,,,2026-04-05,,,,,,,,,L3,,,,,,
cash,,,2026-04-15,,,25.00,,,,interest_dividend,Dividend,,,,,,,
cash,D1,,2026-04-20,,,500.00,,,,deposit,Deposit entered by mistake,,,,,,,
reversal,,,2026-04-21,,,,,,,,,D1,,,,,,
hidden,,Main,,OLDCO,,,,,,,,,,,,,,
override,,Main,,AAPL,,,,,,,,,Technology,United States,,,,
